{"cameraMode":{"drawMode":0,"name":"Shaded","section":"Shading Mode"},"sceneLighting":true,"audioPlay":false,"sceneViewState":{"showFog":true,"showMaterialUpdate":false,"showSkybox":true,"showFlares":true,"showImageEffects":true,"showParticleSystems":true},"in2DMode":false,"pivot":{"x":17.074541091918947,"y":22.008747100830079,"z":-52.84254455566406},"rotation":{"x":-0.1371806561946869,"y":0.8406647443771362,"z":-0.25069087743759158,"w":-0.4600205719470978},"size":92.89698028564453,"orthographic":false}