{"cameraMode":{"drawMode":0,"name":"Shaded","section":"Shading Mode"},"sceneLighting":true,"audioPlay":false,"sceneViewState":{"showFog":true,"showMaterialUpdate":true,"showSkybox":false,"showFlares":true,"showImageEffects":true,"showParticleSystems":true},"in2DMode":false,"pivot":{"x":27.290000915527345,"y":1.2920842170715333,"z":-41.13105773925781},"rotation":{"x":0.004406984429806471,"y":0.9958207011222839,"z":-0.062208279967308047,"w":0.06792754679918289},"size":5.715757369995117,"orthographic":false}