{"cameraMode":{"drawMode":0,"name":"Shaded","section":"Shading Mode"},"sceneLighting":false,"audioPlay":false,"sceneViewState":{"showFog":true,"showMaterialUpdate":true,"showSkybox":true,"showFlares":true,"showImageEffects":true,"showParticleSystems":true},"in2DMode":false,"pivot":{"x":-21.70706558227539,"y":15.396728515625,"z":4.7317352294921879},"rotation":{"x":0.3823588788509369,"y":-0.4289502799510956,"z":0.20723338425159455,"w":0.7918456196784973},"size":113.49039459228516,"orthographic":false}