{"cameraMode":{"drawMode":0,"name":"Shaded","section":"Shading Mode"},"sceneLighting":true,"audioPlay":false,"sceneViewState":{"showFog":true,"showMaterialUpdate":true,"showSkybox":false,"showFlares":true,"showImageEffects":true,"showParticleSystems":true},"in2DMode":false,"pivot":{"x":9.249348640441895,"y":5.405507564544678,"z":44.66181564331055},"rotation":{"x":0.06444444507360459,"y":0.7237604260444641,"z":-0.06757853925228119,"w":0.6839432120323181},"size":16.679203033447267,"orthographic":true}