{"cameraMode":{"drawMode":0,"name":"Shaded","section":"Shading Mode"},"sceneLighting":true,"audioPlay":false,"sceneViewState":{"showFog":true,"showMaterialUpdate":true,"showSkybox":true,"showFlares":true,"showImageEffects":true,"showParticleSystems":true},"in2DMode":false,"pivot":{"x":20.305767059326173,"y":13.320489883422852,"z":47.39939498901367},"rotation":{"x":0.2621786296367645,"y":-0.6251007318496704,"z":0.23529188334941865,"w":0.6965415477752686},"size":13.023151397705079,"orthographic":true}