{"cameraMode":{"drawMode":0,"name":"Shaded","section":"Shading Mode"},"sceneLighting":false,"audioPlay":false,"sceneViewState":{"showFog":true,"showMaterialUpdate":true,"showSkybox":true,"showFlares":true,"showImageEffects":true,"showParticleSystems":true},"in2DMode":false,"pivot":{"x":-0.13197872042655946,"y":-4.857225753414575e-19,"z":-2.6645351995433717e-17},"rotation":{"x":-0.10629330575466156,"y":0.3197321891784668,"z":-0.03612055256962776,"w":-0.9408407211303711},"size":20.501094818115236,"orthographic":false}