{"cameraMode":{"drawMode":0,"name":"Shaded","section":"Shading Mode"},"sceneLighting":true,"audioPlay":false,"sceneViewState":{"showFog":true,"showMaterialUpdate":true,"showSkybox":false,"showFlares":true,"showImageEffects":true,"showParticleSystems":true},"in2DMode":false,"pivot":{"x":-298.8147277832031,"y":-218.0756072998047,"z":596.540771484375},"rotation":{"x":-0.15090978145599366,"y":0.2473680078983307,"z":-0.03900172561407089,"w":-0.9563384652137756},"size":779.9137573242188,"orthographic":false}