{"cameraMode":{"drawMode":0,"name":"Shaded","section":"Shading Mode"},"sceneLighting":true,"audioPlay":false,"sceneViewState":{"showFog":true,"showMaterialUpdate":true,"showSkybox":false,"showFlares":true,"showImageEffects":true,"showParticleSystems":true},"in2DMode":false,"pivot":{"x":-71.5097885131836,"y":55.97730255126953,"z":17.52057647705078},"rotation":{"x":0.10644330829381943,"y":0.6203155517578125,"z":-0.0855807512998581,"w":0.7724429368972778},"size":22.3597354888916,"orthographic":false}