{"cameraMode":{"drawMode":0,"name":"Shaded","section":"Shading Mode"},"sceneLighting":true,"audioPlay":false,"sceneViewState":{"showFog":true,"showMaterialUpdate":true,"showSkybox":false,"showFlares":true,"showImageEffects":true,"showParticleSystems":true},"in2DMode":false,"pivot":{"x":-107.52928161621094,"y":-91.63771057128906,"z":-96.52049255371094},"rotation":{"x":0.05600929260253906,"y":0.5890506505966187,"z":-0.04106239229440689,"w":0.8051773905754089},"size":114.83267974853516,"orthographic":false}