{"cameraMode":{"drawMode":0,"name":"Shaded","section":"Shading Mode"},"sceneLighting":false,"audioPlay":false,"sceneViewState":{"showFog":true,"showMaterialUpdate":true,"showSkybox":true,"showFlares":true,"showImageEffects":true,"showParticleSystems":true},"in2DMode":false,"pivot":{"x":0.36526668071746828,"y":0.4517805874347687,"z":0.5716328620910645},"rotation":{"x":0.0942259356379509,"y":-0.18260999023914338,"z":0.017584851011633874,"w":0.9785040020942688},"size":3.236194372177124,"orthographic":false}