{"cameraMode":{"drawMode":0,"name":"Shaded","section":"Shading Mode"},"sceneLighting":false,"audioPlay":false,"sceneViewState":{"showFog":false,"showMaterialUpdate":false,"showSkybox":false,"showFlares":false,"showImageEffects":false,"showParticleSystems":false},"in2DMode":false,"pivot":{"x":0.1319786012172699,"y":0.000006473391295003239,"z":4.735342429285083e-8},"rotation":{"x":0.004702543839812279,"y":-0.995026171207428,"z":0.08177535235881806,"w":0.05718309432268143},"size":45.68498992919922,"orthographic":false}