{"cameraMode":{"drawMode":0,"name":"Shaded","section":"Shading Mode"},"sceneLighting":true,"audioPlay":false,"sceneViewState":{"showFog":true,"showMaterialUpdate":true,"showSkybox":true,"showFlares":true,"showImageEffects":true,"showParticleSystems":true},"in2DMode":false,"pivot":{"x":-0.6866462230682373,"y":-0.6364061832427979,"z":0.06423966586589813},"rotation":{"x":0.29771071672439577,"y":0.6296879053115845,"z":-0.28460755944252016,"w":0.6586820483207703},"size":2.488161087036133,"orthographic":false}