{"cameraMode":{"drawMode":0,"name":"Shaded","section":"Shading Mode"},"sceneLighting":true,"audioPlay":false,"sceneViewState":{"showFog":true,"showMaterialUpdate":true,"showSkybox":false,"showFlares":true,"showImageEffects":true,"showParticleSystems":true},"in2DMode":false,"pivot":{"x":574.48779296875,"y":-73.70213317871094,"z":-437.38690185546877},"rotation":{"x":-0.02600589208304882,"y":-0.8773154616355896,"z":0.047867923974990848,"w":-0.47689658403396609},"size":707.7362060546875,"orthographic":false}