{"cameraMode":{"drawMode":0,"name":"Shaded","section":"Shading Mode"},"sceneLighting":false,"audioPlay":false,"sceneViewState":{"showFog":false,"showMaterialUpdate":false,"showSkybox":false,"showFlares":false,"showImageEffects":false,"showParticleSystems":false},"in2DMode":false,"pivot":{"x":4.099999904632568,"y":0.11486071348190308,"z":0.0},"rotation":{"x":-0.08874679356813431,"y":0.7449676394462586,"z":-0.10118624567985535,"w":-0.6533865332603455},"size":4.6670732498168949,"orthographic":true}