{"cameraMode":{"drawMode":0,"name":"Shaded","section":"Shading Mode"},"sceneLighting":false,"audioPlay":false,"sceneViewState":{"showFog":false,"showMaterialUpdate":false,"showSkybox":false,"showFlares":false,"showImageEffects":false,"showParticleSystems":false},"in2DMode":false,"pivot":{"x":-0.9259452223777771,"y":0.6417339444160461,"z":-0.12926122546195985},"rotation":{"x":0.004702543839812279,"y":-0.995026171207428,"z":0.08177535235881806,"w":0.05718309432268143},"size":2.4692187309265138,"orthographic":false}