{"cameraMode":{"drawMode":0,"name":"Shaded","section":"Shading Mode"},"sceneLighting":true,"audioPlay":false,"sceneViewState":{"showFog":true,"showMaterialUpdate":true,"showSkybox":false,"showFlares":true,"showImageEffects":true,"showParticleSystems":true},"in2DMode":false,"pivot":{"x":382.2070617675781,"y":-160.18496704101563,"z":-157.95132446289063},"rotation":{"x":-0.09820219874382019,"y":-0.8357707262039185,"z":0.1590229719877243,"w":-0.5163471102714539},"size":493.3665466308594,"orthographic":false}