{"cameraMode":{"drawMode":0,"name":"Shaded","section":"Shading Mode"},"sceneLighting":true,"audioPlay":false,"sceneViewState":{"showFog":true,"showMaterialUpdate":true,"showSkybox":false,"showFlares":true,"showImageEffects":true,"showParticleSystems":true},"in2DMode":false,"pivot":{"x":8.800000190734864,"y":3.789592981338501,"z":44.76612854003906},"rotation":{"x":0.25447720289230349,"y":0.6277684569358826,"z":-0.22780130803585053,"w":0.6996959447860718},"size":22.169780731201173,"orthographic":true}