{"cameraMode":{"drawMode":0,"name":"Shaded","section":"Shading Mode"},"sceneLighting":false,"audioPlay":false,"sceneViewState":{"showFog":true,"showMaterialUpdate":true,"showSkybox":false,"showFlares":true,"showImageEffects":true,"showParticleSystems":true},"in2DMode":false,"pivot":{"x":70.25436401367188,"y":47.198307037353519,"z":58.29494857788086},"rotation":{"x":-0.00006754005880793557,"y":1.000028371810913,"z":-0.01700693741440773,"w":0.013709344901144505},"size":0.05228304862976074,"orthographic":false}