{"cameraMode":{"drawMode":0,"name":"Shaded","section":"Shading Mode"},"sceneLighting":false,"audioPlay":false,"sceneViewState":{"showFog":false,"showMaterialUpdate":false,"showSkybox":false,"showFlares":false,"showImageEffects":false,"showParticleSystems":false},"in2DMode":false,"pivot":{"x":4.099999904632568,"y":0.11486071348190308,"z":0.0},"rotation":{"x":-0.21025706827640534,"y":0.18955323100090028,"z":-0.04159126430749893,"w":-0.9582252502441406},"size":8.695883750915528,"orthographic":true}