{"cameraMode":{"drawMode":0,"name":"Shaded","section":"Shading Mode"},"sceneLighting":true,"audioPlay":false,"sceneViewState":{"showFog":true,"showMaterialUpdate":true,"showSkybox":false,"showFlares":true,"showImageEffects":true,"showParticleSystems":true},"in2DMode":false,"pivot":{"x":4.858633041381836,"y":1.9770432710647584,"z":4.664722442626953},"rotation":{"x":0.20478831231594087,"y":0.04910757765173912,"z":-0.010255763307213784,"w":0.9775667786598206},"size":30.451231002807618,"orthographic":false}