{"cameraMode":{"drawMode":0,"name":"Shaded","section":"Shading Mode"},"sceneLighting":true,"audioPlay":false,"sceneViewState":{"showFog":true,"showMaterialUpdate":true,"showSkybox":false,"showFlares":true,"showImageEffects":true,"showParticleSystems":true},"in2DMode":false,"pivot":{"x":50.86164093017578,"y":16.159198760986329,"z":22.95442008972168},"rotation":{"x":0.43280020356178286,"y":0.16575346887111665,"z":-0.08131320774555206,"w":0.8824095129966736},"size":28.37099838256836,"orthographic":false}