{"cameraMode":{"drawMode":0,"name":"Shaded","section":"Shading Mode"},"sceneLighting":false,"audioPlay":false,"sceneViewState":{"showFog":true,"showMaterialUpdate":true,"showSkybox":true,"showFlares":true,"showImageEffects":true,"showParticleSystems":true},"in2DMode":false,"pivot":{"x":8.199999809265137,"y":0.3248680830001831,"z":0.0},"rotation":{"x":0.10405198484659195,"y":0.6710092425346375,"z":-0.09592994302511215,"w":0.7278348803520203},"size":10.059134483337403,"orthographic":true}