{"cameraMode":{"drawMode":0,"name":"Shaded","section":"Shading Mode"},"sceneLighting":false,"audioPlay":false,"sceneViewState":{"showFog":true,"showMaterialUpdate":true,"showSkybox":false,"showFlares":true,"showImageEffects":true,"showParticleSystems":true},"in2DMode":false,"pivot":{"x":520.13916015625,"y":184.14598083496095,"z":-28.54158592224121},"rotation":{"x":0.05247217044234276,"y":-0.012880075722932816,"z":0.0006799313123337925,"w":0.9985480904579163},"size":909.7809448242188,"orthographic":true}