{"cameraMode":{"drawMode":0,"name":"Shaded","section":"Shading Mode"},"sceneLighting":true,"audioPlay":false,"sceneViewState":{"showFog":true,"showMaterialUpdate":true,"showSkybox":false,"showFlares":true,"showImageEffects":true,"showParticleSystems":true},"in2DMode":false,"pivot":{"x":39.99697494506836,"y":11.75959300994873,"z":24.556123733520509},"rotation":{"x":0.42982763051986697,"y":-0.1380302459001541,"z":0.06668035686016083,"w":0.8898116946220398},"size":22.169776916503908,"orthographic":true}