{"cameraMode":{"drawMode":0,"name":"Shaded","section":"Shading Mode"},"sceneLighting":true,"audioPlay":false,"sceneViewState":{"showFog":true,"showMaterialUpdate":true,"showSkybox":true,"showFlares":true,"showImageEffects":true,"showParticleSystems":true},"in2DMode":false,"pivot":{"x":4.457704544067383,"y":5.778225421905518,"z":0.659226655960083},"rotation":{"x":-0.13847890496253968,"y":-0.7631402015686035,"z":0.17418184876441956,"w":-0.6067215204238892},"size":13.984221458435059,"orthographic":false}