{"cameraMode":{"drawMode":0,"name":"Shaded","section":"Shading Mode"},"sceneLighting":true,"audioPlay":false,"sceneViewState":{"showFog":true,"showMaterialUpdate":true,"showSkybox":false,"showFlares":true,"showImageEffects":true,"showParticleSystems":true},"in2DMode":false,"pivot":{"x":546.0359497070313,"y":-265.21844482421877,"z":-211.3656005859375},"rotation":{"x":-0.17516319453716279,"y":-0.7134776711463928,"z":0.19212324917316438,"w":-0.650705099105835},"size":1035.7491455078125,"orthographic":false}