{"cameraMode":{"drawMode":0,"name":"Shaded","section":"Shading Mode"},"sceneLighting":true,"audioPlay":false,"sceneViewState":{"showFog":true,"showMaterialUpdate":true,"showSkybox":false,"showFlares":true,"showImageEffects":true,"showParticleSystems":true},"in2DMode":false,"pivot":{"x":273.01324462890627,"y":241.44329833984376,"z":37.53646469116211},"rotation":{"x":-0.00014908122830092907,"y":-0.9933711290359497,"z":0.11524929851293564,"w":-0.0015104442136362196},"size":701.8063354492188,"orthographic":false}