{"cameraMode":{"drawMode":0,"name":"Shaded","section":"Shading Mode"},"sceneLighting":true,"audioPlay":false,"sceneViewState":{"showFog":false,"showMaterialUpdate":false,"showSkybox":false,"showFlares":false,"showImageEffects":false,"showParticleSystems":false},"in2DMode":false,"pivot":{"x":-2.384185791015625e-7,"y":0.1399996280670166,"z":0.9904999732971191},"rotation":{"x":-0.29137754440307619,"y":0.6562193632125855,"z":-0.3057379722595215,"w":-0.6254067420959473},"size":1.4741661548614503,"orthographic":false}