{"cameraMode":{"drawMode":0,"name":"Shaded","section":"Shading Mode"},"sceneLighting":true,"audioPlay":false,"sceneViewState":{"showFog":true,"showMaterialUpdate":true,"showSkybox":false,"showFlares":true,"showImageEffects":true,"showParticleSystems":true},"in2DMode":false,"pivot":{"x":5.604099273681641,"y":117.66397857666016,"z":91.21852111816406},"rotation":{"x":0.16381408274173737,"y":0.8216131925582886,"z":-0.291585236787796,"w":0.4617525041103363},"size":3.3936126232147219,"orthographic":false}