{"cameraMode":{"drawMode":0,"name":"Shaded","section":"Shading Mode"},"sceneLighting":true,"audioPlay":false,"sceneViewState":{"showFog":true,"showMaterialUpdate":true,"showSkybox":false,"showFlares":true,"showImageEffects":true,"showParticleSystems":true},"in2DMode":false,"pivot":{"x":46.64313507080078,"y":4.621681213378906,"z":1.3746528625488282},"rotation":{"x":-0.03360312804579735,"y":-0.9482688903808594,"z":0.1071186363697052,"w":-0.2970748245716095},"size":85.19457244873047,"orthographic":false}