{"cameraMode":{"drawMode":0,"name":"Shaded","section":"Shading Mode"},"sceneLighting":true,"audioPlay":false,"sceneViewState":{"showFog":true,"showMaterialUpdate":true,"showSkybox":true,"showFlares":true,"showImageEffects":true,"showParticleSystems":true},"in2DMode":false,"pivot":{"x":9.945716857910157,"y":-0.04803634062409401,"z":12.45169734954834},"rotation":{"x":-0.06433013081550598,"y":-0.9170687794685364,"z":0.3571738600730896,"w":-0.16517885029315949},"size":21.16449546813965,"orthographic":false}