{"cameraMode":{"drawMode":0,"name":"Shaded","section":"Shading Mode"},"sceneLighting":true,"audioPlay":false,"sceneViewState":{"showFog":true,"showMaterialUpdate":true,"showSkybox":false,"showFlares":true,"showImageEffects":true,"showParticleSystems":true},"in2DMode":false,"pivot":{"x":24.721290588378908,"y":4.6912312507629398,"z":27.7790470123291},"rotation":{"x":-0.05717570334672928,"y":-0.9051884412765503,"z":0.4009767472743988,"w":-0.12903396785259248},"size":66.13817596435547,"orthographic":false}