{"cameraMode":{"drawMode":0,"name":"Shaded","section":"Shading Mode"},"sceneLighting":true,"audioPlay":false,"sceneViewState":{"showFog":true,"showMaterialUpdate":true,"showSkybox":true,"showFlares":true,"showImageEffects":true,"showParticleSystems":true},"in2DMode":false,"pivot":{"x":6.423863887786865,"y":3.6907057762145998,"z":48.54219436645508},"rotation":{"x":0.18515518307685853,"y":-0.3974279463291168,"z":0.0822199359536171,"w":0.8949991464614868},"size":10.574820518493653,"orthographic":true}