{"cameraMode":{"drawMode":0,"name":"Shaded","section":"Shading Mode"},"sceneLighting":true,"audioPlay":false,"sceneViewState":{"showFog":true,"showMaterialUpdate":true,"showSkybox":true,"showFlares":true,"showImageEffects":true,"showParticleSystems":true},"in2DMode":false,"pivot":{"x":7.443221092224121,"y":4.277162551879883,"z":47.60708999633789},"rotation":{"x":0.13213595747947694,"y":-0.722010612487793,"z":0.14373040199279786,"w":0.663773238658905},"size":5.875635147094727,"orthographic":true}