{"cameraMode":{"drawMode":0,"name":"Shaded","section":"Shading Mode"},"sceneLighting":true,"audioPlay":false,"sceneViewState":{"showFog":true,"showMaterialUpdate":true,"showSkybox":false,"showFlares":true,"showImageEffects":true,"showParticleSystems":true},"in2DMode":false,"pivot":{"x":-85.47499084472656,"y":-76.2483139038086,"z":-139.74627685546876},"rotation":{"x":0.10481974482536316,"y":-0.3859868049621582,"z":0.04419470205903053,"w":0.9154936075210571},"size":19.614112854003908,"orthographic":false}