{"cameraMode":{"drawMode":0,"name":"Shaded","section":"Shading Mode"},"sceneLighting":true,"audioPlay":false,"sceneViewState":{"showFog":true,"showMaterialUpdate":true,"showSkybox":false,"showFlares":true,"showImageEffects":true,"showParticleSystems":true},"in2DMode":false,"pivot":{"x":44.76366424560547,"y":13.385238647460938,"z":-19.292259216308595},"rotation":{"x":0.026845764368772508,"y":0.9728088974952698,"z":-0.14490704238414765,"w":0.17912651598453523},"size":31.780128479003908,"orthographic":false}