{"cameraMode":{"drawMode":0,"name":"Shaded","section":"Shading Mode"},"sceneLighting":true,"audioPlay":false,"sceneViewState":{"showFog":true,"showMaterialUpdate":true,"showSkybox":false,"showFlares":true,"showImageEffects":true,"showParticleSystems":true},"in2DMode":false,"pivot":{"x":171.00701904296876,"y":-398.2164306640625,"z":-712.242431640625},"rotation":{"x":-0.45975184440612795,"y":-0.5310835242271423,"z":0.43125972151756289,"w":-0.5662509799003601},"size":870.1951904296875,"orthographic":true}