{"cameraMode":{"drawMode":0,"name":"Shaded","section":"Shading Mode"},"sceneLighting":true,"audioPlay":false,"sceneViewState":{"showFog":true,"showMaterialUpdate":true,"showSkybox":false,"showFlares":true,"showImageEffects":true,"showParticleSystems":true},"in2DMode":false,"pivot":{"x":39.31489562988281,"y":15.900390625,"z":24.896484375},"rotation":{"x":0.11798370629549027,"y":0.8216909170150757,"z":-0.18417036533355714,"w":0.5263199806213379},"size":5.911357879638672,"orthographic":true}