{"cameraMode":{"drawMode":0,"name":"Shaded","section":"Shading Mode"},"sceneLighting":false,"audioPlay":false,"sceneViewState":{"showFog":false,"showMaterialUpdate":false,"showSkybox":false,"showFlares":false,"showImageEffects":false,"showParticleSystems":false},"in2DMode":false,"pivot":{"x":-0.17906761169433595,"y":-5.745153427124023,"z":-0.27823710441589358},"rotation":{"x":-0.3181276321411133,"y":0.5804775953292847,"z":-0.2630670666694641,"w":-0.7019831538200378},"size":21.662858963012697,"orthographic":false}