{"cameraMode":{"drawMode":0,"name":"Shaded","section":"Shading Mode"},"sceneLighting":true,"audioPlay":false,"sceneViewState":{"showFog":true,"showMaterialUpdate":true,"showSkybox":true,"showFlares":true,"showImageEffects":true,"showParticleSystems":true},"in2DMode":false,"pivot":{"x":1.2997435331344605,"y":-1.9961131811141968,"z":-2.334693431854248},"rotation":{"x":0.07090448588132858,"y":0.8050444722175598,"z":-0.0982971340417862,"w":0.580702543258667},"size":7.6800217628479,"orthographic":false}