{"cameraMode":{"drawMode":0,"name":"Shaded","section":"Shading Mode"},"sceneLighting":false,"audioPlay":false,"sceneViewState":{"showFog":true,"showMaterialUpdate":true,"showSkybox":false,"showFlares":true,"showImageEffects":true,"showParticleSystems":true},"in2DMode":false,"pivot":{"x":51.492706298828128,"y":-5.105491638183594,"z":65.96099090576172},"rotation":{"x":-0.11244785040616989,"y":-0.2608833909034729,"z":0.03067791275680065,"w":-0.9584093689918518},"size":188.54417419433595,"orthographic":false}