{"cameraMode":{"drawMode":0,"name":"Shaded","section":"Shading Mode"},"sceneLighting":true,"audioPlay":false,"sceneViewState":{"showFog":true,"showMaterialUpdate":true,"showSkybox":false,"showFlares":true,"showImageEffects":true,"showParticleSystems":true},"in2DMode":false,"pivot":{"x":-186.32421875,"y":-124.33787536621094,"z":-52.24786376953125},"rotation":{"x":0.22666867077350617,"y":-0.34577080607414248,"z":0.08638260513544083,"w":0.9064850807189941},"size":118.9507827758789,"orthographic":false}