{"cameraMode":{"drawMode":0,"name":"Shaded","section":"Shading Mode"},"sceneLighting":true,"audioPlay":false,"sceneViewState":{"showFog":false,"showMaterialUpdate":false,"showSkybox":false,"showFlares":false,"showImageEffects":false,"showParticleSystems":false},"in2DMode":false,"pivot":{"x":0.01444941945374012,"y":0.08087669312953949,"z":1.0334141254425049},"rotation":{"x":-0.2840335965156555,"y":0.6165382862091065,"z":-0.2541505992412567,"w":-0.6890191435813904},"size":0.7958666682243347,"orthographic":false}