{"cameraMode":{"drawMode":0,"name":"Shaded","section":"Shading Mode"},"sceneLighting":true,"audioPlay":false,"sceneViewState":{"showFog":true,"showMaterialUpdate":true,"showSkybox":true,"showFlares":true,"showImageEffects":true,"showParticleSystems":true},"in2DMode":false,"pivot":{"x":6.423863887786865,"y":3.6907057762145998,"z":48.54219436645508},"rotation":{"x":0.13502320647239686,"y":-0.5815699696540833,"z":0.09863385558128357,"w":0.796135425567627},"size":9.683680534362793,"orthographic":true}