{"cameraMode":{"drawMode":0,"name":"Shaded","section":"Shading Mode"},"sceneLighting":true,"audioPlay":false,"sceneViewState":{"showFog":true,"showMaterialUpdate":true,"showSkybox":false,"showFlares":true,"showImageEffects":true,"showParticleSystems":true},"in2DMode":false,"pivot":{"x":40.488922119140628,"y":5.328543663024902,"z":25.03048324584961},"rotation":{"x":-0.026375383138656617,"y":-0.6451522707939148,"z":0.02222885750234127,"w":-0.7633201479911804},"size":44.02178192138672,"orthographic":false}