{"cameraMode":{"drawMode":0,"name":"Shaded","section":"Shading Mode"},"sceneLighting":true,"audioPlay":false,"sceneViewState":{"showFog":true,"showMaterialUpdate":true,"showSkybox":false,"showFlares":true,"showImageEffects":true,"showParticleSystems":true},"in2DMode":false,"pivot":{"x":-2.364708662033081,"y":8.948698043823243,"z":21.529298782348634},"rotation":{"x":0.19645459949970246,"y":0.7228934168815613,"z":-0.2283804565668106,"w":0.6218488216400147},"size":66.13817596435547,"orthographic":true}