{"cameraMode":{"drawMode":0,"name":"Shaded","section":"Shading Mode"},"sceneLighting":false,"audioPlay":false,"sceneViewState":{"showFog":true,"showMaterialUpdate":true,"showSkybox":false,"showFlares":true,"showImageEffects":true,"showParticleSystems":true},"in2DMode":false,"pivot":{"x":342.476806640625,"y":166.9518280029297,"z":-81.0964126586914},"rotation":{"x":0.10178975015878678,"y":0.02596372738480568,"z":-0.0026542353443801405,"w":0.9944716691970825},"size":184.13421630859376,"orthographic":true}