{"cameraMode":{"drawMode":0,"name":"Shaded","section":"Shading Mode"},"sceneLighting":true,"audioPlay":false,"sceneViewState":{"showFog":true,"showMaterialUpdate":true,"showSkybox":false,"showFlares":true,"showImageEffects":true,"showParticleSystems":true},"in2DMode":false,"pivot":{"x":8.8408203125,"y":4.98779296875,"z":45.61749267578125},"rotation":{"x":-0.01900988444685936,"y":0.947570264339447,"z":-0.3140452802181244,"w":-0.058817554265260699},"size":5.252050876617432,"orthographic":true}