{"cameraMode":{"drawMode":0,"name":"Shaded","section":"Shading Mode"},"sceneLighting":true,"audioPlay":false,"sceneViewState":{"showFog":true,"showMaterialUpdate":true,"showSkybox":false,"showFlares":true,"showImageEffects":true,"showParticleSystems":true},"in2DMode":false,"pivot":{"x":-228.64797973632813,"y":10.543827056884766,"z":-52.01582336425781},"rotation":{"x":0.12599162757396699,"y":0.7386075854301453,"z":-0.14398443698883058,"w":0.6465083360671997},"size":137.04702758789063,"orthographic":false}