{"cameraMode":{"drawMode":0,"name":"Shaded","section":"Shading Mode"},"sceneLighting":true,"audioPlay":false,"sceneViewState":{"showFog":true,"showMaterialUpdate":true,"showSkybox":false,"showFlares":true,"showImageEffects":true,"showParticleSystems":true},"in2DMode":false,"pivot":{"x":9.249348640441895,"y":5.405507564544678,"z":44.66181564331055},"rotation":{"x":0.04007764160633087,"y":0.7027604579925537,"z":-0.039086900651454929,"w":0.7094511985778809},"size":16.679203033447267,"orthographic":true}