{"cameraMode":{"drawMode":0,"name":"Shaded","section":"Shading Mode"},"sceneLighting":false,"audioPlay":false,"sceneViewState":{"showFog":true,"showMaterialUpdate":true,"showSkybox":true,"showFlares":true,"showImageEffects":true,"showParticleSystems":true},"in2DMode":false,"pivot":{"x":0.0002636909484863281,"y":0.9703625440597534,"z":0.013126909732818604},"rotation":{"x":0.28347352147102358,"y":-0.06036604940891266,"z":0.017882579937577249,"w":0.956917405128479},"size":4.243436813354492,"orthographic":false}