{"cameraMode":{"drawMode":0,"name":"Shaded","section":"Shading Mode"},"sceneLighting":true,"audioPlay":false,"sceneViewState":{"showFog":true,"showMaterialUpdate":true,"showSkybox":false,"showFlares":true,"showImageEffects":true,"showParticleSystems":true},"in2DMode":false,"pivot":{"x":284.07305908203127,"y":-150.2837371826172,"z":132.32240295410157},"rotation":{"x":-0.16252633929252625,"y":-0.4850597679615021,"z":0.09229004383087158,"w":-0.8543134927749634},"size":484.8697204589844,"orthographic":false}