{"cameraMode":{"drawMode":0,"name":"Shaded","section":"Shading Mode"},"sceneLighting":true,"audioPlay":false,"sceneViewState":{"showFog":false,"showMaterialUpdate":false,"showSkybox":false,"showFlares":false,"showImageEffects":false,"showParticleSystems":false},"in2DMode":false,"pivot":{"x":-0.05985652655363083,"y":0.16815492510795594,"z":1.3919559717178345},"rotation":{"x":-0.29137754440307619,"y":0.6562193632125855,"z":-0.3057379722595215,"w":-0.6254067420959473},"size":1.2174334526062012,"orthographic":false}